,Area,equivalent_diameter,orientation,MajorAxisLength,MinorAxisLength,Perimeter,MinIntensity,MeanIntensity,MaxIntensity
1,23.421507876468493,5.460878136860937,-4.998942731706031,10.096412955730774,5.551404565020596,53.54893059189172,0.0,138.55959625946267,254.0
2,2.753426486294055,1.8723705525004342,60.15268801039418,2.545046718492268,1.9248400509904686,10.717184903731757,0.0,142.84722222222223,226.0
3,48.31011925952296,7.842853705896626,-23.38896859630503,13.536131878391489,12.097503631378535,109.6451522302046,0.0,150.45991652274034,253.0
4,7.137354263082948,3.014558291448567,-40.425245649568026,5.588509826467297,3.342280453237346,22.304497125439973,0.0,133.2542620555285,229.0
5,2.402295078319687,1.7489131172929318,57.62491382586764,2.195335646481227,1.6321295385420018,7.805706150403906,12.0,147.98986975397975,229.0
6,1760.6145981666073,47.34642678622889,-28.886737796346985,52.066536443215675,45.37920037454988,328.5043472296509,0.0,187.7708924897221,255.0
7,65.25481710573158,9.115098113760377,70.42337821756573,16.077436451188138,11.430600543574126,120.99589645021354,0.0,140.23415023974428,246.0
8,0.20163981844072623,0.5066910208716463,58.78134622094857,1.223156007464373,0.36079084581827736,2.2834859705989303,165.0,188.55172413793105,210.0
9,0.17730397828408687,0.475132020169304,-33.5853025936296,0.8214698548958965,0.5037923071470493,1.8522531581587909,79.0,139.58823529411765,200.0
10,0.017382742969028125,0.1487696062511887,71.5650767661759,0.18268789368902907,0.10547490459904668,0.30702280549448985,182.0,190.6,197.0
11,0.031288937344250624,0.19959537153812135,85.26886938506854,0.31098222178269674,0.1147438950034352,0.5428718620982634,178.0,183.22222222222223,190.0
12,0.010429645781416873,0.11523644148653772,90.00003218077504,0.19256994833201085,0.0,0.0589622641509434,200.0,204.0,211.0
13,0.013906194375222499,0.1330635810254142,-45.00001609038752,0.1179245283018868,0.1179245283018868,0.2358490566037736,180.0,185.0,188.0
14,0.1529681381274475,0.4413219715223532,-77.84637418919819,0.8697226839295276,0.23347154305932363,1.7486352741445976,165.0,189.54545454545453,206.0
15,0.020859291562833747,0.16296893842987523,-53.13012135157677,0.22580828013121182,0.11118031150731882,0.36598506964543326,171.0,195.16666666666666,214.0
16,0.20859291562833748,0.5153530332981505,-33.86836565860017,0.6476089424164798,0.4645500124940319,1.7831745688159955,96.0,168.9,219.0
17,0.010429645781416873,0.11523644148653772,-45.00001609038752,0.13616751631830798,0.07861635220125786,0.20130976193237587,176.0,182.33333333333334,186.0
18,40.47397872908508,7.178653790972298,-22.628449389873023,15.225664039767791,6.677448931465175,80.69432105954364,0.0,152.1082288266621,255.0
19,0.11472610359558562,0.38219603858659046,-23.445719197080326,0.6522455350047028,0.24479830100742722,1.2790323204849716,150.0,187.06060606060606,213.0
20,0.2920300818796725,0.6097739322908503,80.67230869243502,1.4662657675345026,0.2899965149239012,2.927880557163466,92.0,187.3095238095238,224.0
21,0.020859291562833747,0.16296893842987523,0.0,0.19256994833201085,0.1179245283018868,0.35377358490566035,179.0,196.33333333333334,215.0
22,0.0034765485938056248,0.0665317905127071,-45.00001609038752,0.0,0.0,0.0,167.0,167.0,167.0
23,0.1251557493770025,0.3991907430762427,-14.271308033516295,0.5869806238860595,0.29022073280813826,1.3257830998961422,180.0,198.63888888888889,217.0
24,0.010429645781416873,0.11523644148653772,0.0,0.19256994833201085,0.0,0.0589622641509434,177.0,178.0,179.0
25,0.5145291918832324,0.8093941648086908,61.10554286653222,1.5313010031676595,0.8413771113787276,4.168183263881198,1.0,147.4391891891892,227.0
26,0.19121017265930937,0.49341296414410407,-56.485319714130924,0.8501289769457535,0.29463488565706514,1.8260945016790766,162.0,208.6909090909091,250.0
27,0.6223021982912068,0.8901346907294352,-56.84679339515828,1.333966649307043,0.7697908342013904,3.566349137631991,43.0,152.0167597765363,213.0
28,0.03476548593805625,0.21039199482933624,0.0,0.23108393799841304,0.1826878936890291,0.5205440521666386,186.0,203.0,221.0
29,0.11124955500177999,0.37636064188814405,-5.9536981781059195,0.9275637504739352,0.19739592996518388,1.6631548809661878,25.0,143.28125,227.0
30,26.12626268244927,5.7675810183674905,-45.42994939006909,9.240408213499554,6.196118701119726,52.15760195239171,0.0,145.70871590153027,245.0
31,0.20163981844072623,0.5066910208716463,61.96222615650073,0.6292291054990113,0.4783903857449001,1.726307464212973,143.0,180.74137931034483,217.0
32,0.0034765485938056248,0.0665317905127071,-45.00001609038752,0.0,0.0,0.0,199.0,199.0,199.0
33,0.24335840156639374,0.5566448961572109,-15.139435954740435,1.832320198490759,0.7494875108989821,3.578560622371764,35.0,147.5142857142857,222.0
34,0.055624777500889996,0.2661271620508284,-26.565060675788384,0.4085025489549239,0.16677046726097822,0.8052390477295035,159.0,185.1875,203.0
35,0.010429645781416873,0.11523644148653772,-45.00001609038752,0.13616751631830798,0.07861635220125786,0.20130976193237587,182.0,185.33333333333334,187.0
36,0.031288937344250624,0.19959537153812135,4.731162795706488,0.31098222178269674,0.1147438950034352,0.5428718620982634,186.0,199.55555555555554,205.0
37,0.18078052687789248,0.4797675642839881,69.12431099007621,0.8195482704477975,0.3246546955693343,1.903194256665803,146.0,186.23076923076923,226.0
38,0.07648406906372375,0.31206175875007236,9.17107687324016,0.7781712658841902,0.21117007316475775,1.0857437241965269,126.0,174.0,200.0
39,0.09386681203275186,0.3457093244596131,-85.16553601241723,1.3475096240757687,0.1458945670635612,1.4273058243624144,2.0,148.62962962962962,212.0
40,0.0034765485938056248,0.0665317905127071,-45.00001609038752,0.0,0.0,0.0,187.0,187.0,187.0
41,0.20163981844072623,0.5066910208716463,-2.2090039701372346,1.7657581159276037,0.36399650640991116,2.9969591465062613,37.0,146.39655172413794,215.0
42,0.05910132609469562,0.27431759974535835,68.4389631949548,0.3732815742410241,0.19915073533243527,0.8052390477295035,165.0,182.94117647058823,195.0
43,0.06605442328230687,0.29000535137770844,9.51732989185454,0.6321834083764715,0.13384760950711963,0.9088569317436967,174.0,196.42105263157896,215.0
44,1.6791729708081167,1.4621865232874078,-13.567015678333796,2.7596842186394084,0.9565675097744634,6.965927808003005,3.0,156.9503105590062,219.0
45,0.024335840156639373,0.17602657197646954,90.00003218077504,0.17828512877793737,0.16505995571315218,0.40261952386475175,169.0,188.71428571428572,212.0
46,0.0069530971876112495,0.09409016047203601,0.0,0.1179245283018868,0.0,0.0,174.0,196.0,218.0
47,0.06257787468850125,0.282270481416108,81.1504196993199,0.4413754619527102,0.17297014177628722,0.8031438881815827,168.0,197.94444444444446,215.0
48,1.0081990922036312,1.132995566257766,32.27361162739211,1.810776289624789,1.534844907976876,6.522842983370845,26.0,152.45172413793102,242.0
49,0.0034765485938056248,0.0665317905127071,-45.00001609038752,0.0,0.0,0.0,185.0,185.0,185.0
50,0.0069530971876112495,0.09409016047203601,90.00003218077504,0.1179245283018868,0.0,0.0,199.0,200.0,201.0
51,0.024335840156639373,0.17602657197646954,-8.34962510252249,0.2450103010423783,0.11235089228186167,0.42494733379637667,162.0,184.28571428571428,199.0
52,0.055624777500889996,0.2661271620508284,28.862188162791767,0.4311597375556057,0.17218389450506086,0.7930275629897308,154.0,197.9375,214.0
53,0.013906194375222499,0.1330635810254142,-45.00001609038752,0.1179245283018868,0.1179245283018868,0.2358490566037736,175.0,189.5,205.0
54,0.027812388750444998,0.18818032094407203,-45.00001609038752,0.20425127447746194,0.16147481058524946,0.43715881853614946,166.0,193.375,217.0
55,0.08691371484514061,0.33265895256353556,28.99731876435668,0.5510705976941724,0.2000945313857605,1.1021455280321413,155.0,193.64,228.0
56,3.723383543965824,2.177328447523121,-35.98313887546942,4.1245758930410075,2.1084203731370343,13.915813284718146,0.0,141.11204481792717,224.0
57,0.05214822890708437,0.25767651664907526,72.18607216543309,0.3378252447596476,0.20280295495604,0.7441816240306393,173.0,189.33333333333334,203.0
58,0.048671680313278745,0.24893916542716701,-41.73240107880463,0.5039119313832042,0.12061283852478438,0.662891549948071,179.0,194.85714285714286,211.0
59,0.22945220719117124,0.540506821254427,-88.54023052733275,1.0948642590897948,0.2820806313390503,2.1714874483930537,117.0,192.75757575757575,216.0
60,0.10081990922036312,0.35828465682467564,29.523452232814392,0.7981929673836551,0.16212513791378516,1.4580142724857224,143.0,195.82758620689654,219.0
61,0.3372252135991456,0.6552621440585394,76.86293269374387,0.9567942143265096,0.483981262641421,2.4359497935722145,59.0,161.68041237113403,225.0
62,31.167258143467425,6.2994750233040655,86.92258732253947,10.001809579388153,5.007462715557133,37.313058558093914,0.0,164.68655883993307,245.0
63,0.041718583125667494,0.23047288297307544,-34.721989805543195,0.2573139847530388,0.20762382417932038,0.6039292857971277,168.0,188.16666666666666,208.0
64,0.0034765485938056248,0.0665317905127071,-45.00001609038752,0.0,0.0,0.0,198.0,198.0,198.0
65,0.0034765485938056248,0.0665317905127071,-45.00001609038752,0.0,0.0,0.0,189.0,189.0,189.0
66,0.013906194375222499,0.1330635810254142,-45.00001609038752,0.1179245283018868,0.1179245283018868,0.2358490566037736,176.0,190.25,205.0
67,0.1529681381274475,0.4413219715223532,-14.792702539713366,0.60095835985972,0.3396135004854908,1.4294009839103352,113.0,171.72727272727272,199.0
68,0.3719906995372019,0.6882101924008838,-0.6696520307167735,2.2689538337453157,0.24325111952458633,4.133643969209801,33.0,155.94392523364485,230.0
69,0.038242034531861875,0.2206609857611766,-29.91750679455394,0.3961191578467971,0.18024894349967727,0.5672948315778091,156.0,183.0,217.0
70,0.020859291562833747,0.16296893842987523,0.0,0.19256994833201085,0.1179245283018868,0.35377358490566035,194.0,205.66666666666666,218.0
71,0.6918331701673194,0.9385464030171987,-26.493436882985097,3.279206547259384,0.3695594495520379,6.395161602424858,28.0,201.91959798994975,253.0
72,0.05214822890708437,0.25767651664907526,0.0,0.33354093452195643,0.19256994833201085,0.7075471698113207,166.0,199.4,217.0
73,0.048671680313278745,0.24893916542716701,-54.99157292395893,0.3271175554214079,0.20142007160063718,0.7218538140990144,172.0,187.71428571428572,202.0
74,0.024335840156639373,0.17602657197646954,-81.65040707825256,0.2450103010423783,0.11235089228186167,0.42494733379637667,172.0,188.28571428571428,203.0
75,0.1251557493770025,0.3991907430762427,17.114026247406375,0.6107041436138766,0.27620243287839835,1.3826502044991644,147.0,180.19444444444446,200.0
76,0.017382742969028125,0.1487696062511887,79.09932353989771,0.27967957058922627,0.07955500987605242,0.24806054134354646,188.0,197.8,215.0
77,0.031288937344250624,0.19959537153812135,71.5650767661759,0.29415545493505835,0.13362210465389898,0.4860047574952409,171.0,203.44444444444446,216.0
78,0.7683172392310431,0.9890661716440972,63.65805571023326,1.4739050312770001,0.8706590654421125,4.337048890690096,0.0,153.20361990950227,216.0
79,1.074253515485938,1.1695221489939658,-22.27604719292669,4.867706372129095,0.4688234502098175,8.6500342844484,27.0,186.55339805825244,255.0
80,0.06257787468850125,0.282270481416108,53.39247380490067,0.3458444588401935,0.23155594364575427,0.8052390477295035,189.0,215.94444444444446,229.0
81,0.08343716625133499,0.32593787685975045,-2.9888399171584825,1.104912629205073,0.13798735263131978,1.2036682524984137,129.0,179.08333333333334,223.0
82,0.013906194375222499,0.1330635810254142,-45.00001609038752,0.1179245283018868,0.1179245283018868,0.2358490566037736,160.0,174.5,187.0
83,0.34070176219295123,0.658631123304252,70.26827842941158,1.2554568028977096,0.47789566407623674,3.054185723657036,14.0,156.4591836734694,220.0
84,0.024335840156639373,0.17602657197646954,45.00001609038752,0.33354093452195643,0.08252997785657608,0.43715881853614946,192.0,198.71428571428572,211.0
85,917.6037123976504,34.18083283099579,37.084221031384246,67.4260559594405,27.719699266967172,720.8427348459123,0.0,149.75228554866428,255.0
86,0.07300752046991812,0.30488696614542515,84.6078813189545,0.5232916111504242,0.17651109409078536,0.9556077111548671,159.0,194.8095238095238,212.0
87,0.010429645781416873,0.11523644148653772,90.00003218077504,0.19256994833201085,0.0,0.0589622641509434,183.0,186.66666666666666,192.0
88,0.10429645781416874,0.36440962455017883,24.86934069681409,0.604594103815121,0.22176471440536466,1.220070056334028,157.0,173.7,188.0
89,0.055624777500889996,0.2661271620508284,-24.867996860620313,0.40302263096975277,0.17408021597906476,0.7218538140990144,156.0,208.1875,239.0
90,0.06257787468850125,0.282270481416108,33.05243111082559,0.7487274168642415,0.16296528591040885,1.0878388837444477,141.0,187.22222222222223,211.0
91,2.4753025987896047,1.7752895972107317,28.383301861795733,2.579883685809574,1.4512951445660043,8.576405903462012,8.0,149.37078651685394,211.0
92,0.020859291562833747,0.16296893842987523,12.93318302148842,0.2572723003205874,0.09758312455183138,0.294811320754717,158.0,190.33333333333334,208.0
93,0.010429645781416873,0.11523644148653772,0.0,0.19256994833201085,0.0,0.0589622641509434,170.0,175.33333333333334,179.0
94,4.123186632253471,2.2912451354031327,-55.688148758146305,3.907452165596484,2.191754575217346,12.48814798780798,0.0,128.47807757166947,230.0
95,178.1939747241011,15.062656314616742,84.971767528466,25.005959457766284,11.86480146307551,154.62258618282567,0.0,143.53197674418604,255.0
96,0.017382742969028125,0.1487696062511887,-18.43495541459913,0.18268789368902907,0.10547490459904668,0.30702280549448985,189.0,198.4,208.0
97,0.010429645781416873,0.11523644148653772,-45.00001609038752,0.13616751631830798,0.07861635220125786,0.20130976193237587,202.0,206.66666666666666,209.0
98,0.024335840156639373,0.17602657197646954,-29.87179209931401,0.2732745407598285,0.1076856094189286,0.43715881853614946,181.0,204.42857142857142,218.0
99,0.528435386258455,0.8202590021582604,-12.044593145103882,1.7157677291163458,1.1105603291200992,6.29082477331516,0.0,74.6842105263158,204.0
100,0.0069530971876112495,0.09409016047203601,90.00003218077504,0.1179245283018868,0.0,0.0,205.0,214.5,224.0
101,0.0034765485938056248,0.0665317905127071,-45.00001609038752,0.0,0.0,0.0,204.0,204.0,204.0
102,0.11472610359558562,0.38219603858659046,49.775411326498,0.5786182977663906,0.3728371094838191,1.2971698113207548,31.0,154.06060606060606,213.0
103,0.013906194375222499,0.1330635810254142,-45.00001609038752,0.1179245283018868,0.1179245283018868,0.2358490566037736,179.0,199.5,212.0
104,0.020859291562833747,0.16296893842987523,0.0,0.19256994833201085,0.1179245283018868,0.35377358490566035,208.0,214.83333333333334,224.0
105,0.013906194375222499,0.1330635810254142,31.71748575249332,0.19080589489975175,0.07288136659786497,0.2602720260833193,186.0,202.0,218.0
106,0.17382742969028123,0.47045080236018005,80.97677326030819,0.7874715914289364,0.2996195974210237,1.7140959794732002,138.0,174.86,211.0
107,0.28855353328586686,0.606133458367561,16.97227422205823,0.8485032270510876,0.48776265534155194,2.1714874483930537,45.0,160.9277108433735,218.0
108,0.048671680313278745,0.24893916542716701,6.429047385295242,0.36936683795320974,0.17119366805545938,0.6730078751399231,136.0,193.35714285714286,223.0
109,0.010429645781416873,0.11523644148653772,45.00001609038752,0.13616751631830798,0.07861635220125786,0.20130976193237587,199.0,203.0,210.0
110,0.1286322979708081,0.4046970824043454,-69.4542969815887,0.47671938233666344,0.3539196719994989,1.2280912219779594,43.0,174.1081081081081,214.0
111,0.06257787468850125,0.282270481416108,72.70388165253863,0.3338046864902898,0.23873394498509715,0.7909324034418099,166.0,194.5,222.0
112,1.2341747508009968,1.2535549839689897,16.175187645576695,2.8864108751501925,1.018420976960362,7.211893189798629,0.0,131.54084507042253,232.0
113,0.013906194375222499,0.1330635810254142,31.71748575249332,0.19080589489975175,0.07288136659786497,0.2602720260833193,163.0,180.25,201.0
114,0.9769101548593806,1.115276037947698,69.57352448692068,2.2157929468153403,0.7080177692496648,5.540717143188511,36.0,168.56227758007117,220.0
115,0.041718583125667494,0.23047288297307544,90.00003218077504,0.26368726149761673,0.19256994833201085,0.589622641509434,121.0,188.83333333333334,216.0
116,4.42564635991456,2.3737961067573696,62.37351307348116,3.245274896653333,1.9543481438274313,10.754178830498827,0.0,136.184603299293,234.0
117,0.0069530971876112495,0.09409016047203601,90.00003218077504,0.1179245283018868,0.0,0.0,203.0,205.5,208.0
118,0.03476548593805625,0.21039199482933624,-71.77780478686824,0.26777034520839665,0.1635692465090897,0.48390959794732,130.0,178.1,213.0
119,0.038242034531861875,0.2206609857611766,-74.92933401599767,0.25625766415930945,0.18085827385648034,0.5550833468380363,163.0,205.1818181818182,249.0
120,0.11820265218939124,0.3879436699575201,81.60653170334905,1.0055738261774843,0.21953178641106183,1.4761517633215058,127.0,187.7058823529412,210.0
121,0.041718583125667494,0.23047288297307544,90.00003218077504,0.26368726149761673,0.19256994833201085,0.589622641509434,186.0,202.33333333333334,216.0
122,0.11124955500177999,0.37636064188814405,78.52732898419279,0.6482778598032509,0.2355414254913664,1.287053486128903,148.0,186.125,224.0
123,0.0034765485938056248,0.0665317905127071,-45.00001609038752,0.0,0.0,0.0,204.0,204.0,204.0
124,0.8934729886080456,1.0665857402236696,-9.494586618696292,3.787183644633231,1.0833186265982773,9.729133057453412,0.0,133.77821011673151,231.0
125,0.013906194375222499,0.1330635810254142,-45.00001609038752,0.1179245283018868,0.1179245283018868,0.2358490566037736,183.0,193.25,219.0
126,0.038242034531861875,0.2206609857611766,69.69937759948876,0.33520105453946325,0.1382642392519383,0.49612108268709293,200.0,224.72727272727272,242.0
127,0.041718583125667494,0.23047288297307544,-20.682017305910723,0.6220457471034321,0.24413611208916028,0.589622641509434,72.0,167.08333333333334,209.0
128,0.0069530971876112495,0.09409016047203601,90.00003218077504,0.1179245283018868,0.0,0.0,237.0,237.0,237.0
129,0.07648406906372375,0.31206175875007236,40.583307185521754,0.3541250317578364,0.27159592220621653,0.8743176370722989,144.0,203.0,229.0
130,0.020859291562833747,0.16296893842987523,53.130121351576776,0.22580828013121182,0.11118031150731877,0.36598506964543326,175.0,198.0,213.0
131,0.024335840156639373,0.17602657197646954,59.03626457717171,0.2358490566037736,0.1304913526350208,0.45146546282384314,200.0,213.57142857142858,231.0
132,0.0034765485938056248,0.0665317905127071,-45.00001609038752,0.0,0.0,0.0,187.0,187.0,187.0
133,0.3267955678177287,0.6450496414925861,-49.46218691045231,0.9592703495683891,0.7528779470844985,2.6553970463403735,28.0,177.4787234042553,234.0
134,0.1425384923460306,0.42601132039171974,-83.71208983792737,1.0110910602266492,0.24739305548433557,1.947849876529053,23.0,169.34146341463415,214.0
135,4.637715824136704,2.4300047704757444,-77.5643451598389,8.2413069625286,1.7790490824540595,22.3170680827275,0.0,151.0607196401799,255.0
136,0.4797637059451762,0.7815715722428054,27.123295766752648,1.6096871887140425,0.6800851646297575,3.8855834278662535,62.0,177.02173913043478,236.0
137,0.031288937344250624,0.19959537153812135,-45.00001609038752,0.19256994833201085,0.19256994833201085,0.4716981132075472,96.0,191.11111111111111,233.0
138,0.8343716625133499,1.030706066596301,-0.17951384765447648,1.5897198864292728,1.0295821209011442,4.959115667323008,9.0,151.58333333333334,244.0
139,1.1090190014239942,1.1882957748286962,-42.87374654592309,2.248155261883856,1.0515962193309012,7.118391630976288,1.0,103.76489028213166,241.0
140,0.03476548593805625,0.21039199482933624,90.00003218077504,0.33354093452195643,0.1179245283018868,0.589622641509434,161.0,190.8,218.0
141,0.0034765485938056248,0.0665317905127071,-45.00001609038752,0.0,0.0,0.0,180.0,180.0,180.0
142,0.010429645781416873,0.11523644148653772,90.00003218077504,0.19256994833201085,0.0,0.0589622641509434,227.0,230.66666666666666,235.0
143,0.1286322979708081,0.4046970824043454,-87.96894076244025,1.2683895498544813,0.15311440570350426,2.0779858895707126,40.0,186.9189189189189,245.0
144,0.9317150231399074,1.0891723517816485,-25.15995231215721,1.8955609837342764,0.9031109438348824,5.3962744858591565,13.0,139.88432835820896,222.0
145,0.013906194375222499,0.1330635810254142,-45.00001609038752,0.1179245283018868,0.1179245283018868,0.2358490566037736,192.0,200.75,211.0
146,0.05910132609469562,0.27431759974535835,88.14238696383352,1.0784182900405692,0.06750481011761585,0.9433962264150944,25.0,142.05882352941177,234.0
147,5.030565815236739,2.5308329317345897,76.24838696363989,6.954400911817086,1.8062253245956972,18.372522390710298,0.0,152.57705597788527,255.0
148,1.0290583837664649,1.1446562051780946,21.241084086344983,2.8023267925218494,0.9579675238831002,7.529032320484971,8.0,152.5472972972973,243.0
149,14.504160733357066,4.297356281355454,-50.097994660184156,9.6205528461542,6.20907386889683,57.785535175758795,0.0,141.30968360498562,254.0
150,0.17382742969028123,0.47045080236018005,74.40900534741453,0.7241334218583874,0.30608628704264373,1.610478095459007,144.0,180.62,208.0
151,1.05687077251691,1.1600214055108338,85.7162513453496,2.2886828954688565,0.9081685575510414,5.786682524984136,0.0,131.12828947368422,241.0
152,0.06257787468850125,0.282270481416108,13.008899643999385,0.6644219995345286,0.15315570618907343,0.9800306806344129,129.0,190.5,226.0
153,0.8135123709505162,1.0177406942956826,-60.16791287254889,2.0761494329639882,0.7331581658299757,5.496061523325261,27.0,161.53846153846155,246.0
154,0.0034765485938056248,0.0665317905127071,-45.00001609038752,0.0,0.0,0.0,216.0,216.0,216.0
155,0.03476548593805625,0.21039199482933624,0.0,0.23108393799841304,0.1826878936890291,0.5205440521666386,142.0,188.3,215.0
156,1.2654636881452475,1.269345662210627,17.30583565016786,2.956939220963924,1.957012803299683,10.406331251689178,9.0,155.5467032967033,234.0
157,0.0034765485938056248,0.0665317905127071,-45.00001609038752,0.0,0.0,0.0,178.0,178.0,178.0
158,0.017382742969028125,0.1487696062511887,-71.5650767661759,0.18268789368902907,0.10547490459904668,0.30702280549448985,165.0,206.0,232.0
159,0.0069530971876112495,0.09409016047203601,90.00003218077504,0.1179245283018868,0.0,0.0,218.0,229.5,241.0
160,0.11472610359558562,0.38219603858659046,61.8252729364047,0.6549384727275469,0.24428484224974542,1.325783099896142,167.0,219.3030303030303,255.0
161,0.038242034531861875,0.2206609857611766,-74.92933401599767,0.25625766415930945,0.18085827385648032,0.5550833468380363,119.0,208.9090909090909,237.0
162,0.07648406906372375,0.31206175875007236,38.67772091074745,0.4948639375261294,0.2179094924378745,0.9821258401823337,162.0,192.95454545454547,209.0
163,5.764117568529726,2.7090777819683844,73.55272665417638,5.281191102914688,4.548331085106328,27.26187710576281,0.0,142.50784077201448,250.0
164,8.903440948736206,3.3669293280592174,32.63158835003891,5.147163560660926,4.307746006834055,25.334619352165213,0.0,127.62319406481843,247.0
165,0.0695309718761125,0.2975392125023774,55.566198481181814,0.42257211944462514,0.2141933264230438,0.9231635760313903,164.0,215.85,250.0
166,0.13558539515841936,0.41549089858171745,90.00003218077504,0.8824663648051748,0.19256994833201085,1.650943396226415,0.0,132.28205128205127,203.0
167,4.526466269134923,2.4006823721126502,53.76162195004409,4.564111424502765,2.081151997979329,16.83357751668976,0.0,130.27880184331798,251.0
168,1.981632698469206,1.5884247274678283,-89.43426732256222,2.3711063333085445,1.1380713466144066,6.193132895396977,0.0,129.66842105263157,230.0
169,0.33374866500533995,0.6518757537195009,90.00003218077504,1.0872104312845385,0.4027889452028144,2.358490566037736,0.0,116.67708333333333,244.0
170,0.6814035243859025,0.9314450671778995,36.584069510349615,1.2857874416709174,1.034228968165821,4.4263601304165965,0.0,132.4591836734694,224.0
171,7.192979040583838,3.0262824321141166,-13.348533672206408,3.5892322253458526,2.9828398701219516,15.831219026123723,0.0,141.76123731271144,222.0
172,1.5574937700249198,1.4082125758117563,31.405418435225307,1.6715432928945744,1.5911728017109474,6.203608693136582,0.0,136.07366071428572,221.0
173,0.2955066304734781,0.6133928004552004,11.249393994284398,1.0950318784636883,0.46720274869584977,2.606551107381282,0.0,136.27058823529413,231.0
174,1.1229251957992168,1.195722695724656,-41.83846208883237,5.683404481023987,0.29948153738297983,10.336954865537223,64.0,203.43962848297213,248.0
175,0.0034765485938056248,0.0665317905127071,-45.00001609038752,0.0,0.0,0.0,201.0,201.0,201.0
176,0.10777300640797437,0.3704333322119232,10.339057083013206,0.8593144432211718,0.1970295306184952,1.547325512212222,89.0,177.90322580645162,215.0
177,0.06257787468850125,0.282270481416108,-87.40001833189815,0.4373067163034863,0.17922151918679052,0.8031438881815827,151.0,205.66666666666666,234.0
178,0.11124955500177999,0.37636064188814405,12.560608337561048,0.5009828869042657,0.291813192286862,1.1590126326351642,152.0,186.46875,211.0
179,0.010429645781416873,0.11523644148653772,-45.00001609038752,0.13616751631830798,0.07861635220125786,0.20130976193237587,188.0,191.0,197.0
180,0.0069530971876112495,0.09409016047203601,90.00003218077504,0.1179245283018868,0.0,0.0,191.0,204.0,217.0
181,0.013906194375222499,0.1330635810254142,-45.00001609038752,0.1179245283018868,0.1179245283018868,0.2358490566037736,166.0,197.75,225.0
182,0.0034765485938056248,0.0665317905127071,-45.00001609038752,0.0,0.0,0.0,211.0,211.0,211.0
183,0.5666774207903168,0.849421038860446,-24.337762088416614,1.3071118155281078,0.8180840076040269,3.6598506964543325,0.0,145.98773006134968,213.0
184,0.010429645781416873,0.11523644148653772,-45.00001609038752,0.13616751631830798,0.07861635220125786,0.20130976193237587,187.0,192.0,197.0
185,0.010429645781416873,0.11523644148653772,0.0,0.19256994833201085,0.0,0.0589622641509434,176.0,191.33333333333334,213.0
186,1.3940959861160556,1.3322980667551554,67.67644590395435,2.1637923876464713,1.8388178050219781,8.346482852954248,4.0,145.25187032418953,220.0
187,1.4427676664293343,1.355355616346905,-73.69721646606558,1.9723408416508255,1.1226092584610197,6.1749954045611934,0.0,160.6265060240964,254.0
188,0.2816004360982556,0.598786114614364,87.28658727110277,1.240682080406142,0.3576900887342583,2.6574922058882944,4.0,156.8641975308642,228.0
189,0.8169889195443218,1.0199130354958137,-23.215787542261978,1.5010665813828494,0.8262673189791221,3.9689686614967434,0.0,150.7148936170213,247.0
190,0.041718583125667494,0.23047288297307544,90.00003218077504,0.26368726149761673,0.19256994833201085,0.589622641509434,150.0,188.08333333333334,227.0
191,0.04519513171947312,0.23988378214199405,-33.49378945802275,0.3946016075545343,0.15061151401055345,0.5327555369064114,185.0,199.76923076923077,214.0
192,22.778346386614455,5.3853775525131775,-43.13221462017667,11.464835619791897,4.876862846579578,55.555085463214795,0.0,137.64774114774116,255.0
193,0.11472610359558562,0.38219603858659046,-8.665244811031842,0.5976067971597541,0.2459392542204118,1.276937160937051,146.0,197.72727272727272,222.0
194,0.027812388750444998,0.18818032094407203,-45.00001609038752,0.20425127447746194,0.16147481058524946,0.43715881853614946,194.0,208.75,219.0
195,0.3719906995372019,0.6882101924008838,-1.5170195497229457,1.594969379495927,0.3700739365347874,3.546116487248287,104.0,193.62616822429908,241.0
196,0.0069530971876112495,0.09409016047203601,0.0,0.1179245283018868,0.0,0.0,168.0,181.0,194.0
197,0.05214822890708437,0.25767651664907526,52.76207436419755,0.3348179283685006,0.19546729831891885,0.7218538140990145,110.0,185.66666666666666,211.0
198,0.07300752046991812,0.30488696614542515,-28.8864677529952,0.4687565320380896,0.24655168533201602,0.9922421653741859,124.0,174.52380952380952,204.0
199,0.0069530971876112495,0.09409016047203601,90.00003218077504,0.1179245283018868,0.0,0.0,171.0,190.0,209.0
200,0.20511636703453187,0.5110403797947652,-87.3715331735112,1.8591795933598891,0.1747522241203906,3.055921410657205,0.0,132.33898305084745,245.0
201,0.020859291562833747,0.16296893842987523,-18.43495541459913,0.23584905660377356,0.09628497416600543,0.37819655438520605,196.0,210.0,219.0
202,0.055624777500889996,0.2661271620508284,-31.96060212255626,0.3334092181061416,0.2060540809366253,0.7218538140990144,178.0,189.75,202.0
203,0.055624777500889996,0.2661271620508284,90.00003218077504,0.5403980772353585,0.1179245283018868,0.9433962264150944,190.0,206.625,217.0
204,0.017382742969028125,0.1487696062511887,-71.5650767661759,0.18268789368902907,0.10547490459904668,0.30702280549448985,195.0,204.6,212.0
205,1.074253515485938,1.1695221489939658,-78.7428247342716,2.1879947795774113,0.8922261579004904,5.747952911216896,25.0,149.3042071197411,215.0
206,6.03876490744037,2.7728675196467742,-72.04868229832219,3.4942859702419438,2.6042038739126587,13.252921734770077,0.0,130.78583765112262,251.0
207,0.22249911000355999,0.5322543241016569,-20.163700160464334,1.5047351749356488,0.5569045759881154,3.1759410985070122,62.0,153.265625,221.0
208,0.0034765485938056248,0.0665317905127071,-45.00001609038752,0.0,0.0,0.0,199.0,199.0,199.0
209,0.33027211641153437,0.6484716795192683,-0.9678978609939993,1.2911969852201473,0.33723543248640553,2.630974076860828,0.0,125.8,237.0
210,1.9851092470630118,1.5898174719067817,-57.99709147426989,2.1229969676411677,1.4697084907017768,7.4986833449094155,5.0,139.47110332749563,214.0
211,0.3372252135991456,0.6552621440585394,-38.46808000481865,1.245092967706606,0.5363071929487709,3.123264312999831,67.0,178.70103092783506,254.0
212,0.010429645781416873,0.11523644148653772,90.00003218077504,0.19256994833201085,0.0,0.0589622641509434,205.0,208.66666666666666,215.0
213,0.0034765485938056248,0.0665317905127071,-45.00001609038752,0.0,0.0,0.0,219.0,219.0,219.0
214,0.07996061765752938,0.31907525824327887,-68.05724314150969,0.7427532332477041,0.15531728757998486,1.1813404425667888,186.0,217.8695652173913,240.0
215,0.048671680313278745,0.24893916542716701,0.0,0.24816239660809022,0.24296167624420417,0.6384685804685254,150.0,180.71428571428572,216.0
216,0.04519513171947312,0.23988378214199405,88.68165249629965,0.35651273828407115,0.16412346824349455,0.6384685804685254,158.0,185.30769230769232,218.0
217,0.07996061765752938,0.31907525824327887,45.00001609038752,0.34774046262947433,0.2867541315444947,0.8743176370722989,149.0,192.69565217391303,230.0
218,2.00249199003204,1.5967629723049708,51.453343561386895,2.130504556720919,1.489917069937279,6.978139292742777,0.0,119.15972222222223,255.0
219,0.041718583125667494,0.23047288297307544,59.24111405601225,0.4251319725009379,0.12447754785074605,0.7218538140990145,189.0,208.16666666666666,223.0
220,0.017382742969028125,0.1487696062511887,18.43495541459913,0.18268789368902907,0.10547490459904668,0.30702280549448985,204.0,215.0,228.0
221,0.024335840156639373,0.17602657197646954,-45.00001609038752,0.21835379711616779,0.1260666235435964,0.40261952386475175,180.0,198.14285714285714,220.0
222,0.0034765485938056248,0.0665317905127071,-45.00001609038752,0.0,0.0,0.0,201.0,201.0,201.0
223,0.024335840156639373,0.17602657197646954,-60.12824008146103,0.27327454075982854,0.10768560941892857,0.43715881853614946,157.0,178.85714285714286,209.0
224,0.2572645959416162,0.5723281025890473,-81.07562698020729,1.6038216399975296,0.34170322788923446,3.070228054944898,15.0,142.1081081081081,232.0
225,0.0069530971876112495,0.09409016047203601,90.00003218077504,0.1179245283018868,0.0,0.0,207.0,210.5,214.0
226,0.0034765485938056248,0.0665317905127071,-45.00001609038752,0.0,0.0,0.0,206.0,206.0,206.0
227,18.366606221075116,4.835813203924619,89.44335828365087,19.10692409538049,4.14212446512587,71.52338325038085,0.0,141.92636759417,255.0
228,0.3789437967248131,0.6946122855392892,-67.94626769946443,0.7718846515376154,0.6577050589710609,2.318025265270328,116.0,171.28440366972478,227.0
229,0.0695309718761125,0.2975392125023774,-79.44010032821078,0.5494715642749937,0.15505546171743495,0.9210684164834695,178.0,226.0,250.0
230,0.013906194375222499,0.1330635810254142,-45.00001609038752,0.1179245283018868,0.1179245283018868,0.2358490566037736,174.0,195.25,209.0
231,0.031288937344250624,0.19959537153812135,-63.43497150498664,0.2723350326366159,0.13866621127172907,0.4493703032759223,177.0,187.33333333333334,208.0
232,0.06257787468850125,0.282270481416108,90.00003218077504,0.31006707458593374,0.25169513511921576,0.7563931087704121,156.0,174.77777777777777,196.0
233,0.09734336062655749,0.3520531439529391,-9.940891070327442,0.5014885537217949,0.244036687149028,1.0756273990046747,157.0,190.92857142857142,205.0
234,0.03476548593805625,0.21039199482933624,-37.534304831848864,0.2786340000372532,0.1607021473873184,0.49821624223501376,196.0,217.0,232.0
235,0.0034765485938056248,0.0665317905127071,-45.00001609038752,0.0,0.0,0.0,210.0,210.0,210.0
236,0.020859291562833747,0.16296893842987523,18.43495541459913,0.23584905660377356,0.09628497416600543,0.37819655438520605,189.0,206.0,220.0
237,0.12167920078319687,0.3936073807856454,-80.28123541216726,1.472735083508548,0.21649494578102357,1.734328629856904,91.0,168.62857142857143,229.0
238,0.010429645781416873,0.11523644148653772,61.84505587655787,0.21680946511454463,0.04937512029557834,0.07117374889071625,156.0,180.66666666666666,215.0
239,0.0034765485938056248,0.0665317905127071,-45.00001609038752,0.0,0.0,0.0,226.0,226.0,226.0
240,0.024335840156639373,0.17602657197646954,0.0,0.17828512877793737,0.16505995571315218,0.40261952386475175,187.0,203.0,215.0
241,0.020859291562833747,0.16296893842987523,0.0,0.19256994833201085,0.1179245283018868,0.35377358490566035,165.0,197.66666666666666,220.0
242,18.557816393734424,4.860920252013724,23.264917196740207,7.959840383532778,5.1807301964697805,41.16547890574119,0.0,135.8375796178344,239.0
243,0.0069530971876112495,0.09409016047203601,90.00003218077504,0.1179245283018868,0.0,0.0,205.0,212.0,219.0
244,0.04519513171947312,0.23988378214199405,-75.12758621445207,0.31413286702840143,0.1722945530433759,0.6384685804685254,187.0,208.30769230769232,224.0
245,0.055624777500889996,0.2661271620508284,-7.700545773940692,0.4284868901803454,0.16282779425424898,0.7686045935101851,157.0,203.0,234.0
246,0.013906194375222499,0.1330635810254142,-45.00001609038752,0.1179245283018868,0.1179245283018868,0.2358490566037736,183.0,190.5,194.0
247,0.0034765485938056248,0.0665317905127071,-45.00001609038752,0.0,0.0,0.0,169.0,169.0,169.0
248,0.03476548593805625,0.21039199482933624,-18.222227393906785,0.2677703452083967,0.16356924650908974,0.48390959794732,154.0,191.6,221.0
249,2.0998353506585974,1.6351126584707711,54.523868287202255,2.8175056166081323,1.8076879700700035,9.983838549988473,0.0,164.80960264900662,255.0
250,0.03476548593805625,0.21039199482933624,0.0,0.33354093452195643,0.1179245283018868,0.589622641509434,196.0,212.5,242.0
251,0.0069530971876112495,0.09409016047203601,0.0,0.1179245283018868,0.0,0.0,192.0,197.5,203.0
252,0.0069530971876112495,0.09409016047203601,0.0,0.1179245283018868,0.0,0.0,203.0,209.5,216.0
253,1.9781561498754006,1.5870307607864496,-48.65920667554418,1.9293569910861996,1.681029589526478,7.419488430374767,0.0,119.1792618629174,223.0
254,0.0034765485938056248,0.0665317905127071,-45.00001609038752,0.0,0.0,0.0,229.0,229.0,229.0
255,0.031288937344250624,0.19959537153812135,-45.00001609038752,0.19256994833201085,0.19256994833201085,0.4716981132075472,200.0,211.88888888888889,222.0
256,0.027812388750444998,0.18818032094407203,0.0,0.26368726149761673,0.1179245283018868,0.4716981132075472,148.0,183.875,213.0
257,0.0034765485938056248,0.0665317905127071,-45.00001609038752,0.0,0.0,0.0,219.0,219.0,219.0
258,0.0034765485938056248,0.0665317905127071,-45.00001609038752,0.0,0.0,0.0,187.0,187.0,187.0
259,0.024335840156639373,0.17602657197646954,0.0,0.17828512877793737,0.16505995571315218,0.40261952386475175,170.0,187.0,206.0
260,0.0034765485938056248,0.0665317905127071,-45.00001609038752,0.0,0.0,0.0,155.0,155.0,155.0
261,0.4484747686009256,0.7556558808072958,-10.221257073449369,1.4853218140919169,0.568086718556572,3.5398310086045246,0.0,154.05426356589146,232.0
262,0.038242034531861875,0.2206609857611766,-72.92017880079895,0.3373191087786923,0.14300636035795877,0.5672948315778091,183.0,205.45454545454547,223.0
263,0.031288937344250624,0.19959537153812135,-85.26886938506854,0.31098222178269674,0.1147438950034352,0.5428718620982634,183.0,211.44444444444446,227.0
264,0.024335840156639373,0.17602657197646954,81.65040707825256,0.2450103010423783,0.11235089228186167,0.42494733379637667,156.0,180.28571428571428,210.0
265,0.010429645781416873,0.11523644148653772,45.00001609038752,0.13616751631830798,0.07861635220125786,0.20130976193237587,175.0,187.0,198.0
266,0.0034765485938056248,0.0665317905127071,-45.00001609038752,0.0,0.0,0.0,156.0,156.0,156.0
267,0.7126924617301531,0.9525902715803277,62.829412661785085,1.6242857004882687,0.7379114467915877,4.326932565498245,0.0,113.34634146341463,249.0
268,0.013906194375222499,0.1330635810254142,-45.00001609038752,0.1179245283018868,0.1179245283018868,0.2358490566037736,187.0,194.75,201.0
269,0.017382742969028125,0.1487696062511887,18.43495541459913,0.18268789368902907,0.10547490459904668,0.30702280549448985,194.0,202.6,207.0
270,0.09386681203275186,0.3457093244596131,14.294016545283801,0.8789785404561917,0.2393042410675601,1.3460157502798462,105.0,183.37037037037038,220.0
271,0.2816004360982556,0.598786114614364,13.943682403367085,0.8457700326348412,0.5068766753270514,2.147064478913508,54.0,156.07407407407408,255.0
272,0.041718583125667494,0.23047288297307544,54.73608921964048,0.36769078134872046,0.14309301058486934,0.4493703032759223,141.0,189.08333333333334,224.0
273,0.027812388750444998,0.18818032094407203,-35.3549895320785,0.26579563170716763,0.12408569563844553,0.4860047574952408,210.0,213.75,219.0
274,0.038242034531861875,0.2206609857611766,39.89302777177691,0.3528220288278392,0.14416875508609292,0.5672948315778091,161.0,202.63636363636363,224.0
275,3.539126468494126,2.122770777428789,-44.96510511221088,2.971170146598923,2.0447566259095025,10.359580472278008,0.0,137.9567779960707,240.0
276,0.05910132609469562,0.27431759974535835,1.2270162760004335,0.5808283699069614,0.11708827774821604,1.0145699753058106,177.0,191.1764705882353,205.0
277,0.017382742969028125,0.1487696062511887,18.43495541459913,0.18268789368902907,0.10547490459904668,0.30702280549448985,180.0,208.0,235.0
278,0.031288937344250624,0.19959537153812135,-83.95265147994313,0.2522206799253278,0.155838414976458,0.4493703032759223,124.0,156.33333333333334,207.0
279,0.010429645781416873,0.11523644148653772,90.00003218077504,0.19256994833201085,0.0,0.0589622641509434,195.0,196.33333333333334,198.0
280,0.0069530971876112495,0.09409016047203601,90.00003218077504,0.1179245283018868,0.0,0.0,162.0,165.5,169.0
281,0.048671680313278745,0.24893916542716701,-82.83866963102754,0.32130623030054917,0.18548652429821508,0.6730078751399231,62.0,186.14285714285714,233.0
282,0.0034765485938056248,0.0665317905127071,-45.00001609038752,0.0,0.0,0.0,188.0,188.0,188.0
283,0.06257787468850125,0.282270481416108,-25.8924351821557,0.6763281364841859,0.13657528102167432,0.9699143554425608,184.0,200.0,222.0
284,0.11124955500177999,0.37636064188814405,-9.600702586896654,1.0139530296349237,0.3032250528718416,1.7810794092680746,1.0,112.84375,211.0
285,0.09734336062655749,0.3520531439529391,0.0,0.38599862659668466,0.31963722980138604,0.9922421653741859,166.0,194.5,212.0
286,0.031288937344250624,0.19959537153812135,-26.565060675788384,0.27233503263661596,0.1386662112717291,0.4493703032759223,184.0,200.11111111111111,214.0
287,0.05910132609469562,0.27431759974535835,-74.36816074419123,0.35112226894411175,0.21824166330871494,0.7808160782499579,153.0,183.05882352941177,228.0
288,0.5458181292274831,0.8336409457109211,88.22012025710467,2.035798182895683,0.5014314675870073,5.005866446734178,15.0,159.22929936305732,251.0
289,0.010429645781416873,0.11523644148653772,-61.84505587655787,0.21680946511454463,0.04937512029557834,0.07117374889071625,160.0,173.66666666666666,183.0
290,0.0034765485938056248,0.0665317905127071,-45.00001609038752,0.0,0.0,0.0,203.0,203.0,203.0
291,0.08691371484514061,0.33265895256353556,-17.993404255972944,0.7025172322641966,0.17767227690400747,1.2179748967861073,190.0,219.84,235.0
292,0.09039026343894624,0.33924689809856085,83.54513676221679,0.440911806596351,0.271292443552695,1.0410881043332771,157.0,187.5,222.0
293,2.402295078319687,1.7489131172929318,62.03321907120835,4.222018626768268,0.8757759580715331,10.805479401553594,2.0,173.4630969609262,233.0
294,0.0034765485938056248,0.0665317905127071,-45.00001609038752,0.0,0.0,0.0,184.0,184.0,184.0
295,0.10777300640797437,0.3704333322119232,-18.079667877143788,0.5031275427324265,0.26841158268811255,1.1244733379637664,151.0,198.70967741935485,241.0
296,0.020859291562833747,0.16296893842987523,90.00003218077504,0.19256994833201085,0.1179245283018868,0.35377358490566035,152.0,197.16666666666666,230.0
297,0.1564446867212531,0.4463088187535661,-7.9587012105165895,1.07037461425016,0.3092304428436426,1.854348317706712,82.0,172.22222222222223,221.0
298,0.12167920078319687,0.3936073807856454,3.501372140960809,1.9088508491215115,0.1324159918872325,1.947849876529053,32.0,180.97142857142856,220.0
299,0.0695309718761125,0.2975392125023774,-15.674416036303748,0.5012878777061619,0.21323379570813883,0.9577028707027879,148.0,170.8,181.0
300,0.03476548593805625,0.21039199482933624,-29.767238183963983,0.2966164066654318,0.1488481331715296,0.5327555369064114,178.0,201.7,212.0
301,0.03476548593805625,0.21039199482933624,26.565060675788384,0.2583596969363991,0.15821235689857002,0.5205440521666386,149.0,168.1,190.0
302,0.013906194375222499,0.1330635810254142,-45.00001609038752,0.1179245283018868,0.1179245283018868,0.2358490566037736,192.0,214.75,238.0
303,0.041718583125667494,0.23047288297307544,34.293527524696344,0.281939508904316,0.19278908890242286,0.6262570957287524,182.0,197.66666666666666,208.0
304,0.05910132609469562,0.27431759974535835,-22.010348042939206,0.4042336831954421,0.18972992897229432,0.7686045935101851,149.0,189.1764705882353,209.0
305,0.013906194375222499,0.1330635810254142,-45.00001609038752,0.1179245283018868,0.1179245283018868,0.2358490566037736,222.0,229.75,238.0
306,0.013906194375222499,0.1330635810254142,58.28254642828171,0.19080589489975175,0.07288136659786497,0.2602720260833193,177.0,198.0,216.0
307,0.0034765485938056248,0.0665317905127071,-45.00001609038752,0.0,0.0,0.0,175.0,175.0,175.0
308,0.6501145870416518,0.9098085517462458,-27.669001421790792,1.3369782625204814,0.7488657576928559,3.617290236139004,0.0,146.50802139037432,218.0
309,0.0069530971876112495,0.09409016047203601,90.00003218077504,0.1179245283018868,0.0,0.0,166.0,177.5,189.0
310,0.13210884656461375,0.4101295010791302,-55.78826609747164,0.9006396063507784,0.3198503083449457,1.620594420650859,105.0,181.5,210.0
311,0.08343716625133499,0.32593787685975045,-60.431493082038024,0.5175431335838462,0.20481262877567702,1.0777225585525956,143.0,190.75,220.0
312,12.373036445354218,3.9691106422817675,7.751402200671335,14.632871892952608,2.514847809538081,41.635081859400806,0.0,142.62573756673223,251.0
313,0.048671680313278745,0.24893916542716701,3.5625094482761663,0.2881161509104992,0.2154108429017682,0.6873145194276168,174.0,221.28571428571428,236.0
314,0.0034765485938056248,0.0665317905127071,-45.00001609038752,0.0,0.0,0.0,194.0,194.0,194.0
315,0.0034765485938056248,0.0665317905127071,-45.00001609038752,0.0,0.0,0.0,215.0,215.0,215.0
316,0.0069530971876112495,0.09409016047203601,90.00003218077504,0.1179245283018868,0.0,0.0,183.0,189.5,196.0
317,0.04519513171947312,0.23988378214199405,-55.16158813863173,0.307015229781161,0.1933854358296826,0.6751030346878438,173.0,191.69230769230768,217.0
318,0.0034765485938056248,0.0665317905127071,-45.00001609038752,0.0,0.0,0.0,218.0,218.0,218.0
319,2.718661000355999,1.8605124816519008,0.020948805582730098,2.347320718394365,1.999454849931236,9.206853318286605,0.0,155.07161125319692,237.0
320,0.020859291562833747,0.16296893842987523,-18.43495541459913,0.23584905660377356,0.09628497416600543,0.37819655438520605,149.0,178.5,199.0
321,0.03476548593805625,0.21039199482933624,64.32992712911364,0.32064847266608365,0.1316589396084832,0.5327555369064114,181.0,190.3,211.0
322,0.038242034531861875,0.2206609857611766,18.434955414599138,0.23584905660377356,0.20453241882867618,0.56938999112573,126.0,186.45454545454547,205.0
323,1.1646437789248842,1.2177317088985402,-79.5192235229836,3.4688465691135604,0.561730708161797,8.289615748351224,0.0,155.08656716417912,242.0
324,0.027812388750444998,0.18818032094407203,-45.00001609038752,0.20425127447746194,0.16147481058524946,0.43715881853614946,180.0,207.75,231.0
325,0.4345685742257031,0.7438480312559435,-1.538526186155454,0.9447665823679205,0.716402904497722,2.9990543060541817,0.0,131.544,223.0
326,0.0034765485938056248,0.0665317905127071,-45.00001609038752,0.0,0.0,0.0,215.0,215.0,215.0
327,0.06605442328230687,0.29000535137770844,45.000016090387504,0.3108238338021081,0.26536194546216424,0.7706997530581059,124.0,198.6315789473684,224.0
328,0.5075760946956213,0.8039066834706032,36.78001077205557,1.904644094919689,0.9677769851843233,5.6991069722578045,0.0,144.21917808219177,238.0
329,5.774547214311143,2.7115275890540413,31.407623665042934,8.109061127754781,1.4168851209067324,21.4877655380662,0.0,161.13847080072244,253.0
330,0.03476548593805625,0.21039199482933624,0.0,0.33354093452195643,0.1179245283018868,0.589622641509434,195.0,208.4,229.0
331,0.13210884656461375,0.4101295010791302,-80.24224838668206,0.8562085691771684,0.24238609254665178,1.642922230582484,147.0,190.76315789473685,235.0
332,0.05214822890708437,0.25767651664907526,-21.56106898582024,0.39588314580571005,0.169388488008901,0.7808160782499578,145.0,187.8,223.0
333,0.2364053043787825,0.5486351994907167,-18.822937891100423,1.7378566493205319,0.41665269245361547,2.789723378477875,69.0,191.5735294117647,233.0
334,0.39632653969384124,0.7103651335519282,14.652038792826888,1.351081957740567,0.7868273839785593,3.8021981942357646,0.0,121.17543859649123,224.0
335,0.07648406906372375,0.31206175875007236,-68.93001741621893,0.4814807158858292,0.19908397377115003,1.0065488096618795,168.0,175.8181818181818,190.0
336,0.7265986561053756,0.9618389377150365,-52.022232554747916,2.2536909773779623,1.4623969261145882,6.799157340742026,18.0,151.7177033492823,232.0
337,0.017382742969028125,0.1487696062511887,18.43495541459913,0.18268789368902907,0.10547490459904668,0.30702280549448985,140.0,174.4,190.0
338,2.9133477216091137,1.9259775509379158,-72.0546202072416,3.4920575681989523,1.5573388920768954,11.591502540804056,0.0,133.4856801909308,238.0
339,0.020859291562833747,0.16296893842987523,90.00003218077504,0.22580828013121182,0.11118031150731882,0.37819655438520605,171.0,197.0,215.0
340,0.0069530971876112495,0.09409016047203601,-45.00001609038752,0.16677046726097822,0.0,0.0,192.0,198.5,205.0
341,0.05214822890708437,0.25767651664907526,38.43300258906149,0.3203935622498069,0.20426738735749228,0.7096423293592417,153.0,180.8,225.0
342,40.03245705767177,7.139391248470695,-24.304228285036242,15.748229100210246,7.134535940161314,94.79258767026288,0.0,149.34172818063396,255.0
343,0.0034765485938056248,0.0665317905127071,-45.00001609038752,0.0,0.0,0.0,190.0,190.0,190.0
344,0.017382742969028125,0.1487696062511887,-18.43495541459913,0.18268789368902907,0.10547490459904668,0.30702280549448985,171.0,196.4,216.0
345,6.932237896048416,2.9709256844896887,-52.297093020487694,7.713349310262006,2.2140590372589064,24.905481699272997,0.0,136.37261785356068,254.0
346,0.031288937344250624,0.19959537153812135,78.69009566272824,0.4305994948939985,0.08286891142998895,0.41273584905660377,185.0,208.44444444444446,217.0
347,0.0695309718761125,0.2975392125023774,-9.94613208305688,0.467935864161124,0.19782566728286743,0.9088569317436967,64.0,180.75,230.0
348,0.19816326984692062,0.502304003053056,-43.284326792320456,1.6138727626730522,0.22151972549604493,2.604815420381114,148.0,200.82456140350877,229.0
349,1.4323380206479175,1.3504478550897916,-57.36174695280494,2.168840821065959,1.1182287205900916,6.6365771925768895,7.0,133.67961165048544,222.0
350,0.010429645781416873,0.11523644148653772,90.00003218077504,0.19256994833201085,0.0,0.0589622641509434,178.0,181.66666666666666,188.0
351,0.11472610359558562,0.38219603858659046,6.192658991859884,0.8763477319164281,0.18314657506167004,1.6062877763631653,172.0,206.03030303030303,227.0
352,0.0069530971876112495,0.09409016047203601,90.00003218077504,0.1179245283018868,0.0,0.0,204.0,211.5,219.0
353,0.1251557493770025,0.3991907430762427,88.12349258566174,2.045204051834475,0.08559024279579015,2.0881022147625643,176.0,206.77777777777777,228.0
354,0.0069530971876112495,0.09409016047203601,90.00003218077504,0.1179245283018868,0.0,0.0,194.0,198.5,203.0
355,0.07996061765752938,0.31907525824327887,15.005626972243297,0.6237008002306009,0.25212375926160624,1.1914567677586407,86.0,176.47826086956522,218.0
356,0.0069530971876112495,0.09409016047203601,90.00003218077504,0.1179245283018868,0.0,0.0,146.0,160.5,175.0
357,0.0034765485938056248,0.0665317905127071,-45.00001609038752,0.0,0.0,0.0,213.0,213.0,213.0
358,0.048671680313278745,0.24893916542716701,-7.161362549747499,0.32130623030054917,0.1854865242982151,0.6730078751399231,165.0,179.64285714285714,191.0
359,4.505606977572089,2.395144458457456,-89.29875569633207,4.727472579325771,1.9225096955389367,18.724200816068038,0.0,147.20447530864197,255.0
360,0.5771070665717337,0.8572021574315125,7.251791730760984,1.6883476850132273,0.9753715415018096,4.554400983910336,0.0,143.54819277108433,221.0
361,0.9525743147027412,1.1012970928766352,18.66262236161625,3.7205646751181156,0.6540776017772854,7.6536017999783725,0.0,167.15328467153284,245.0
362,0.0069530971876112495,0.09409016047203601,0.0,0.1179245283018868,0.0,0.0,204.0,204.5,205.0
363,0.0069530971876112495,0.09409016047203601,90.00003218077504,0.1179245283018868,0.0,0.0,184.0,196.5,209.0
364,0.027812388750444998,0.18818032094407203,35.3549895320785,0.26579563170716763,0.12408569563844553,0.4860047574952408,162.0,190.75,213.0
365,0.038242034531861875,0.2206609857611766,-40.72653455867209,0.4173768101028281,0.11557608582457342,0.662891549948071,153.0,191.36363636363637,211.0
366,0.09386681203275186,0.3457093244596131,-74.56591530626606,0.7650082708385827,0.18938728279270045,1.1813404425667888,112.0,193.59259259259258,250.0
367,0.013906194375222499,0.1330635810254142,31.71748575249332,0.19080589489975175,0.07288136659786497,0.2602720260833193,142.0,177.75,201.0
368,0.34070176219295123,0.658631123304252,-39.31029227810305,1.5838530398691055,0.5784343524809682,3.7128869545092655,50.0,172.74489795918367,233.0
369,0.10777300640797437,0.3704333322119232,28.927827330005332,0.5529073001848437,0.25077331665631863,1.2078585715942551,92.0,200.1290322580645,228.0
370,0.07648406906372375,0.31206175875007236,85.45489209518523,0.5079758380181437,0.18436547906112222,0.9922421653741859,158.0,192.4090909090909,222.0
371,0.6709738786044855,0.9242891732155915,-78.32165593956285,2.807361312758166,0.4506061961043199,5.589563082147602,54.0,174.38860103626942,252.0
372,0.020859291562833747,0.16296893842987523,53.13012135157677,0.22580828013121182,0.11118031150731882,0.36598506964543326,192.0,212.33333333333334,236.0
373,0.027812388750444998,0.18818032094407203,45.00001609038752,0.20425127447746194,0.16147481058524946,0.43715881853614946,158.0,181.875,207.0
374,0.027812388750444998,0.18818032094407203,17.296150528236417,0.23421069162307198,0.1556818307912656,0.4860047574952408,174.0,200.5,217.0
375,0.18078052687789248,0.4797675642839881,-27.454828668261484,0.8144974801646462,0.29999484375901103,1.8362108268709287,131.0,196.5,227.0
376,0.010429645781416873,0.11523644148653772,0.0,0.19256994833201085,0.0,0.0589622641509434,190.0,195.66666666666666,202.0
377,0.0034765485938056248,0.0665317905127071,-45.00001609038752,0.0,0.0,0.0,219.0,219.0,219.0
378,0.18425707547169812,0.48435874606309876,39.42063897377209,0.7335406865223568,0.4124669750627604,1.832020507775087,27.0,169.16981132075472,215.0
379,0.017382742969028125,0.1487696062511887,-45.00001609038752,0.2358490566037736,0.08170050979098481,0.3192342902342627,215.0,220.0,224.0
380,0.055624777500889996,0.2661271620508284,68.27925838881065,0.5425019529846149,0.13226708968908577,0.8865291218120718,156.0,178.75,196.0
381,0.06605442328230687,0.29000535137770844,-67.3024555436841,0.4417854011205297,0.19283730385841452,0.9231635760313903,135.0,187.57894736842104,232.0
382,0.010429645781416873,0.11523644148653772,90.00003218077504,0.19256994833201085,0.0,0.0589622641509434,210.0,213.33333333333334,219.0
383,0.010429645781416873,0.11523644148653772,-45.00001609038752,0.13616751631830798,0.07861635220125786,0.20130976193237587,208.0,222.0,233.0
384,0.21902256140975437,0.5280797159294086,83.81182204965529,1.8608987239587638,0.16050663509187701,2.891246102944147,159.0,212.1904761904762,235.0
385,0.013906194375222499,0.1330635810254142,0.0,0.16677046726097822,0.10212563723873097,0.2724835108230921,225.0,233.5,239.0
386,0.08691371484514061,0.33265895256353556,15.818401274578305,0.9382705207115165,0.243163878984465,1.2280912219779594,140.0,192.24,223.0
387,30.76745505517978,6.258940842276486,80.12316211743104,11.659620227148134,4.4535003814214855,44.43282640352262,0.0,143.61920903954802,244.0
388,0.020859291562833747,0.16296893842987523,90.00003218077504,0.19256994833201085,0.1179245283018868,0.35377358490566035,160.0,180.66666666666666,197.0
389,0.8830433428266287,1.060342257859222,11.66290469513259,1.7753841465563749,0.8645482884198932,5.111579490296291,8.0,126.5,229.0
390,0.027812388750444998,0.18818032094407203,-35.3549895320785,0.26579563170716763,0.12408569563844553,0.4860047574952408,214.0,229.5,245.0
391,0.4658575115699537,0.7701611558257037,-80.10453627169439,1.4392561814178642,0.7632247666734661,4.0157194409079136,0.0,123.29850746268657,226.0
392,0.6779269757920968,0.9290658932611912,-32.31122771621275,1.5596799080997092,0.9663211024968099,5.373946675927533,0.0,152.7076923076923,230.0
393,1.324565014239943,1.29864874223286,-78.16105805993071,6.22969764596572,0.805444132124865,13.612621325771745,36.0,172.55905511811022,246.0
394,0.020859291562833747,0.16296893842987523,90.00003218077504,0.19256994833201085,0.1179245283018868,0.35377358490566035,159.0,187.16666666666666,210.0
395,0.3128893734425062,0.6311759844880087,1.5411896227585031,1.0600718348402092,0.46911276850957406,2.5741069722578054,33.0,172.95555555555555,239.0
396,0.048671680313278745,0.24893916542716701,90.00003218077504,0.2737209705066025,0.2521332470871928,0.7319701392908665,138.0,192.64285714285714,218.0
397,0.017382742969028125,0.1487696062511887,-69.00641842630537,0.2559961940508756,0.07527060404039326,0.24806054134354646,224.0,229.6,235.0
398,3.834633098967604,2.2096168222467667,19.258595125544687,5.364493933492049,2.3947868081949153,18.085732235599515,0.0,135.24297370806892,255.0
399,0.013906194375222499,0.1330635810254142,90.00003218077504,0.16677046726097822,0.10212563723873097,0.2724835108230921,228.0,243.5,252.0
400,0.024335840156639373,0.17602657197646954,8.34962510252249,0.2450103010423783,0.11235089228186167,0.42494733379637667,164.0,207.85714285714286,223.0
401,1.9607734069063725,1.5800424804220563,-38.047774206099795,3.959285659106918,3.3078989831370205,18.28075651888813,0.0,162.00709219858157,234.0
402,0.35460795656817373,0.6719381468411567,-68.61389612122704,1.1831767385048415,0.4349224524534135,2.686105494463682,68.0,186.91176470588235,240.0
403,0.031288937344250624,0.19959537153812135,-54.21749379768709,0.25061578245707133,0.15401026346150112,0.4493703032759223,167.0,193.55555555555554,210.0
404,0.17382742969028123,0.47045080236018005,65.35114938264726,1.070672972539098,0.65366990245419,2.124736668981883,22.0,163.56,237.0
405,0.05214822890708437,0.25767651664907526,2.6338495057919844,0.3642230428594952,0.25029252762843035,0.7563931087704121,151.0,183.13333333333333,229.0
406,0.0695309718761125,0.2975392125023774,-54.22852494847034,0.5129708264508165,0.18636419915754257,1.0553947486209707,174.0,221.8,252.0
407,0.11472610359558562,0.38219603858659046,-37.059082885007,0.8092373935897579,0.18654853470221,1.4946487267050412,120.0,202.24242424242425,244.0
408,0.020859291562833747,0.16296893842987523,90.00003218077504,0.19256994833201085,0.1179245283018868,0.35377358490566035,171.0,181.0,202.0
409,0.7092159131363475,0.950264040338608,-5.52962935541503,4.1009330576554115,0.7865095425193662,8.082020507775088,0.0,153.75980392156862,238.0
410,0.020859291562833747,0.16296893842987523,90.00003218077504,0.19256994833201085,0.1179245283018868,0.35377358490566035,151.0,169.16666666666666,198.0
411,0.0034765485938056248,0.0665317905127071,-45.00001609038752,0.0,0.0,0.0,215.0,215.0,215.0
412,0.3198424706301175,0.6381505164865577,-26.394580569674602,2.182917109774121,0.866582939889744,4.70686480688362,0.0,146.07608695652175,207.0
413,0.010429645781416873,0.11523644148653772,45.00001609038752,0.13616751631830798,0.07861635220125786,0.20130976193237587,198.0,202.33333333333334,205.0
